entry,category,Run,Subrun,Evt
0,0.0,3005,100,17
1,3.0,1201,99,58
2,1.0,1400,21,52
3,0.0,1605,20,11
4,4.0,4003,78,18
5,0.0,1607,30,10
6,0.0,6001,93,24
7,1.0,6002,25,43
8,3.0,1202,54,68
9,0.0,1608,35,74
10,3.0,1600,93,60
11,0.0,1603,37,73
12,0.0,1601,23,21
13,0.0,7000,67,30
14,4.0,7000,67,48
15,4.0,4007,61,13
16,0.0,3001,88,24
17,3.0,6002,96,48
18,4.0,3002,5,56
19,3.0,3005,96,4
20,3.0,3008,17,11
21,4.0,3007,88,2
22,0.0,4001,33,29
23,0.0,4001,33,58
24,0.0,2204,25,66
25,4.0,3001,40,73
26,0.0,3007,60,26
27,0.0,1407,15,9
28,3.0,3007,31,72
29,0.0,1605,75,2
30,0.0,1603,75,26
31,0.0,1601,18,49
32,0.0,3003,69,17
33,0.0,3002,83,26
34,4.0,4005,25,2
35,0.0,4000,69,37
36,0.0,3002,7,14
37,0.0,1606,94,72
38,0.0,1200,89,17
39,0.0,4000,75,58
40,4.0,1608,84,53
41,0.0,1202,19,45
42,1.0,1607,15,78
43,3.0,1601,4,74
44,4.0,1609,6,13
45,0.0,3006,47,48
46,1.0,1601,98,14
47,3.0,2107,35,62
48,0.0,3007,66,12
49,4.0,3005,23,30
50,0.0,1603,45,41
51,3.0,4007,52,7
52,4.0,1606,26,48
53,4.0,4003,66,79
54,0.0,2202,100,18
55,3.0,1409,18,30
56,1.0,3006,52,34
57,3.0,3007,70,34
58,0.0,3007,70,61
59,3.0,1609,37,10
60,3.0,2105,45,56
61,4.0,3006,42,37
62,1.0,1202,59,76
63,3.0,3005,10,64
64,4.0,3006,71,73
65,3.0,3000,2,55
66,0.0,4007,25,19
67,0.0,3006,90,45
68,0.0,1608,70,2
69,4.0,1604,87,42
70,1.0,4002,62,80
71,0.0,6000,2,59
72,3.0,1606,65,7
73,0.0,1602,82,61
74,0.0,1604,34,14
75,4.0,1604,34,62
76,0.0,4003,99,49
77,0.0,1607,31,68
78,0.0,4006,89,64
79,0.0,1606,90,66
80,0.0,2103,10,5
81,0.0,3008,82,34
82,4.0,1202,1,47
83,4.0,1607,24,47
84,0.0,1606,20,11
85,0.0,1606,93,17
86,0.0,3004,20,15
87,0.0,1601,30,9
88,0.0,4007,48,60
89,3.0,1606,30,51
90,4.0,1606,95,21
91,3.0,1603,72,39
92,0.0,1607,45,33
93,0.0,1603,53,6
94,0.0,2106,99,49
95,3.0,4004,10,7
96,0.0,1200,91,60
97,0.0,6001,78,59
98,0.0,1606,66,24
99,4.0,3002,24,5
100,0.0,3005,53,77
101,4.0,4002,26,25
102,0.0,1602,41,48
103,4.0,1606,76,22
104,4.0,1600,37,17
105,0.0,3006,98,36
106,4.0,1606,31,4
107,4.0,4004,87,58
108,0.0,1604,14,57
109,3.0,1606,60,6
110,4.0,4008,71,56
111,0.0,1609,40,75
112,4.0,3006,65,39
113,1.0,1601,96,45
114,0.0,1604,73,15
115,4.0,3002,49,59
116,2.0,1606,48,1
117,0.0,1608,18,19
118,1.0,4007,29,16
119,4.0,1600,68,58
120,0.0,1606,79,23
121,3.0,3003,58,42
122,3.0,3003,63,59
123,4.0,6002,68,51
124,4.0,1602,1,18
125,0.0,3007,57,53
126,0.0,1608,9,24
127,0.0,3001,100,68
128,0.0,3008,18,12
129,0.0,3004,69,48
130,0.0,3008,75,71
131,0.0,6001,74,50
132,4.0,1609,22,5
133,0.0,4002,93,27
134,4.0,1608,59,60
135,4.0,1605,100,32
136,0.0,2201,79,4
137,0.0,3006,49,70
138,0.0,1608,76,36
139,3.0,4001,31,4
140,3.0,4001,72,16
141,1.0,1608,60,10
142,0.0,4009,45,72
143,3.0,3004,41,2
144,0.0,1603,42,38
145,0.0,2106,19,37
146,0.0,2207,90,35
147,3.0,1605,96,67
148,3.0,1409,7,71
149,0.0,1606,19,53
150,4.0,3000,79,52
151,1.0,4008,29,14
152,0.0,4007,43,23
153,4.0,1600,10,20
154,4.0,4004,99,28
155,0.0,2100,100,65
156,4.0,4004,68,67
157,4.0,2109,34,6
158,3.0,2209,30,27
159,1.0,6000,88,1
160,4.0,3009,9,44
161,1.0,3003,50,38
162,0.0,4001,43,26
163,0.0,4006,22,77
164,3.0,2206,64,1
165,1.0,4008,88,12
166,4.0,3004,3,65
167,0.0,4001,66,62
168,0.0,4000,54,64
169,0.0,4003,29,1
170,3.0,4006,91,57
171,0.0,4000,49,61
172,4.0,2204,15,60
173,0.0,4007,20,59
174,1.0,4009,44,22
175,0.0,1804,28,7
176,4.0,4008,52,4
177,0.0,4000,82,43
178,0.0,2102,30,40
179,4.0,2108,68,9
180,0.0,2207,8,43
181,0.0,2203,24,30
182,0.0,3002,82,29
183,0.0,3005,19,47
184,0.0,4005,52,2
185,0.0,2105,29,14
186,0.0,2204,47,70
187,4.0,2107,62,54
188,3.0,2107,62,56
189,4.0,5001,2,3
190,3.0,4002,34,59
191,0.0,2207,63,32
192,0.0,4006,14,1
193,0.0,2200,14,59
194,4.0,2105,20,1
195,0.0,2103,60,23
196,4.0,4001,46,31
197,0.0,2109,41,51
198,3.0,2206,54,67
199,0.0,1700,97,60
200,4.0,2206,2,62
201,0.0,4006,28,80
202,3.0,4008,40,43
203,0.0,2207,71,78
204,4.0,1708,76,51
205,0.0,4003,1,16
206,3.0,5000,33,35
207,0.0,2105,53,8
208,4.0,2205,90,12
209,4.0,4006,16,18
210,4.0,4004,59,80
211,4.0,4001,84,26
212,4.0,2106,59,21
213,0.0,7000,8,47
214,0.0,4008,16,59
215,1.0,4008,16,75
216,0.0,4003,21,71
217,0.0,2101,34,53
218,0.0,2203,59,58
219,0.0,2107,84,26
220,0.0,4005,7,47
221,0.0,1600,94,19
222,4.0,1600,94,52
223,3.0,4005,68,75
224,4.0,2201,48,40
225,3.0,5000,81,33
226,4.0,2204,14,57
227,4.0,2205,48,26
228,0.0,5001,58,48
229,0.0,4005,6,61
230,0.0,5001,35,80
231,4.0,2201,94,58
232,3.0,2103,55,29
233,0.0,5001,14,74
234,0.0,2201,67,15
235,0.0,1700,100,59
236,4.0,2208,42,32
237,0.0,2202,54,41
238,3.0,5001,70,44
239,3.0,5000,93,8
240,0.0,4001,85,47
241,0.0,2107,98,76
242,3.0,5000,52,43
243,0.0,2206,76,66
244,0.0,2107,82,37
245,0.0,2207,4,3
246,0.0,2209,37,6
247,4.0,2209,37,76
248,0.0,2103,64,21
249,1.0,2400,86,9
250,4.0,2400,63,20
251,3.0,2402,40,38
252,0.0,2402,93,17
253,3.0,2109,37,56
254,3.0,2107,47,19
255,4.0,2202,38,1
256,0.0,1602,99,45
257,0.0,2408,53,21
258,4.0,2400,88,25
259,3.0,2406,45,31
260,3.0,2408,51,25
261,0.0,2401,32,7
262,3.0,5001,40,50
263,0.0,2409,39,42
264,3.0,2409,20,6
265,0.0,5000,30,7
266,0.0,2106,40,3
267,3.0,2204,70,77
268,0.0,5000,63,57
269,0.0,4005,40,79
270,3.0,2201,62,52
271,1.0,1601,61,65
272,0.0,1602,18,1
273,0.0,2407,27,19
274,0.0,2201,69,49
275,3.0,2403,65,18
276,0.0,2203,41,12
277,0.0,2108,34,58
278,0.0,7000,11,73
279,4.0,2204,7,47
280,0.0,2406,69,37
281,0.0,2405,56,5
282,0.0,2408,32,32
283,4.0,2100,20,22
284,4.0,2100,5,69
285,0.0,2100,32,68
286,4.0,2203,46,77
287,1.0,1600,19,73
288,3.0,2406,35,28
289,0.0,2402,53,13
290,4.0,2400,94,37
291,1.0,1600,81,55
292,4.0,2405,57,24
293,3.0,1600,95,6
294,0.0,2209,39,50
295,0.0,1600,43,1
296,4.0,2401,43,9
297,3.0,2401,28,30
298,0.0,2202,30,29
299,0.0,5001,25,36
300,4.0,2206,59,1
301,4.0,2100,1,30
302,3.0,1606,50,2
303,3.0,1600,17,3
304,0.0,2207,40,52
305,0.0,1603,59,63
306,0.0,1600,90,42
307,4.0,2404,85,28
308,1.0,2203,90,17
309,3.0,2203,90,28
310,4.0,2207,19,26
311,0.0,5002,1,59
312,0.0,1601,9,23
313,4.0,1601,94,27
314,0.0,2402,73,4
315,1.0,5000,2,74
316,0.0,1804,85,56
317,4.0,5000,32,4
318,0.0,2102,70,51
319,0.0,2201,31,70
320,0.0,1602,70,33
321,0.0,1602,52,35
322,0.0,2406,28,24
323,4.0,2201,90,21
324,0.0,2200,80,7
325,0.0,2206,94,47
326,0.0,1607,83,25
327,0.0,1603,43,41
328,3.0,1601,89,40
329,4.0,2203,54,16
330,0.0,2203,70,13
331,0.0,2202,46,2
332,0.0,1601,21,16
333,0.0,2101,47,29
334,3.0,2403,28,6
335,0.0,2406,80,22
336,4.0,2409,36,9
337,0.0,2103,22,48
338,1.0,2109,35,73
339,3.0,2209,43,28
340,0.0,7000,21,67
341,4.0,2406,70,34
342,0.0,2108,33,70
343,4.0,1604,27,55
344,0.0,1602,56,34
345,1.0,1603,19,12
346,0.0,1602,12,30
347,3.0,2203,13,32
348,0.0,1602,27,80
349,0.0,2405,26,2
350,4.0,2102,83,41
351,4.0,2107,43,26
352,0.0,2106,55,78
353,1.0,2108,91,10
354,0.0,1600,77,21
355,0.0,2204,30,64
356,1.0,2103,29,24
357,4.0,3002,79,46
358,0.0,1602,85,30
359,0.0,2406,60,37
360,0.0,1602,42,80
361,0.0,1603,75,52
362,0.0,1603,25,28
363,0.0,1408,61,21
364,0.0,2400,5,36
365,3.0,2403,32,39
366,0.0,1407,26,11
367,0.0,2405,66,10
368,0.0,2405,66,34
369,0.0,2108,95,12
370,3.0,1601,85,78
371,4.0,1606,70,49
372,3.0,1601,97,72
373,3.0,2401,99,2
374,0.0,2403,56,16
375,0.0,2402,69,17
376,4.0,7000,86,37
377,0.0,7000,86,55
378,0.0,2209,31,43
379,4.0,2407,11,28
380,0.0,7000,20,41
381,0.0,2400,45,32
382,0.0,1200,20,6
383,3.0,2204,68,63
384,0.0,2208,77,54
385,0.0,2202,93,42
386,0.0,1709,22,49
387,4.0,1403,48,2
388,3.0,3004,2,11
389,0.0,2400,24,29
390,0.0,3007,21,7
391,0.0,3008,28,6
392,4.0,1404,23,73
393,0.0,3002,48,10
394,4.0,1202,56,68
395,0.0,2103,98,25
396,0.0,2402,44,37
397,4.0,2109,11,23
398,0.0,2109,11,56
399,0.0,2209,23,72
400,3.0,2402,56,4
401,4.0,2402,6,37
402,4.0,1404,33,38
403,0.0,1202,73,66
404,0.0,3008,96,23
405,4.0,3000,24,73
406,0.0,2405,81,32
407,0.0,2404,37,44
408,4.0,1602,50,8
409,0.0,1602,51,47
410,0.0,2408,7,31
411,0.0,3001,61,24
412,3.0,1407,40,45
413,4.0,1407,90,10
414,1.0,1409,42,4
415,1.0,3001,10,12
416,4.0,1204,45,58
417,3.0,1408,2,79
418,3.0,3003,9,47
419,0.0,1200,57,43
420,0.0,1200,57,77
421,1.0,1408,28,63
422,0.0,3005,62,2
423,4.0,6001,34,32
424,4.0,3004,70,33
425,0.0,1601,68,24
426,0.0,3006,75,7
427,1.0,1407,70,67
428,3.0,6000,15,52
429,0.0,3003,81,7
430,0.0,3002,17,28
431,4.0,1409,43,38
432,0.0,6001,42,69
433,0.0,1404,94,5
434,0.0,1400,14,38
435,4.0,6000,5,54
436,4.0,3005,98,20
437,3.0,3005,98,52
438,0.0,3003,85,73
439,0.0,1408,10,17
440,0.0,1604,7,47
441,4.0,3008,84,73
442,1.0,3005,28,77
443,4.0,6001,97,68
444,4.0,2407,97,35
445,0.0,1405,91,43
446,4.0,3003,25,8
447,0.0,1201,26,1
448,0.0,1201,26,44
449,3.0,3002,28,40
450,4.0,1603,23,6
451,0.0,3000,50,62
452,0.0,3005,78,26
453,0.0,6001,18,39
454,4.0,1407,93,24
455,0.0,3001,82,45
456,0.0,3000,7,69
457,4.0,3007,4,79
458,0.0,3009,31,15
459,0.0,1200,11,60
460,0.0,6000,77,9
461,3.0,3009,1,51
