entry,Run,Subrun,Evt
0,3005,100,17
1,1201,99,58
2,1400,21,52
3,1605,20,11
4,4003,78,18
5,1607,30,10
6,6001,93,24
7,6002,25,43
8,1202,54,68
9,1608,35,74
10,1600,93,60
11,1603,37,73
12,1601,23,21
13,7000,67,30
14,7000,67,48
15,4007,61,13
16,3001,88,24
17,6002,96,48
18,3002,5,56
19,3005,96,4
20,3008,17,11
21,3007,88,2
22,4001,33,29
23,4001,33,58
24,2204,25,66
25,3001,40,73
26,3007,60,26
27,1407,15,9
28,3007,31,72
29,1605,75,2
30,1603,75,26
31,1601,18,49
32,3003,69,17
33,3002,83,26
34,4005,25,2
35,4000,69,37
36,3002,7,14
37,1606,94,72
38,1200,89,17
39,4000,75,58
40,1608,84,53
41,1202,19,45
42,1607,15,78
43,1601,4,74
44,1609,6,13
45,3006,47,48
46,1601,98,14
47,2107,35,62
48,3007,66,12
49,3005,23,30
50,1603,45,41
51,4007,52,7
52,1606,26,48
53,4003,66,79
54,2202,100,18
55,1409,18,30
56,3006,52,34
57,3007,70,34
58,3007,70,61
59,1609,37,10
60,2105,45,56
61,3006,42,37
62,1202,59,76
63,3005,10,64
64,3006,71,73
65,3000,2,55
66,4007,25,19
67,3006,90,45
68,1608,70,2
69,1604,87,42
70,4002,62,80
71,6000,2,59
72,1606,65,7
73,1602,82,61
74,1604,34,14
75,1604,34,62
76,4003,99,49
77,1607,31,68
78,4006,89,64
79,1606,90,66
80,2103,10,5
81,3008,82,34
82,1202,1,47
83,1607,24,47
84,1606,20,11
85,1606,93,17
86,3004,20,15
87,1601,30,9
88,4007,48,60
89,1606,30,51
90,1606,95,21
91,1603,72,39
92,1607,45,33
93,1603,53,6
94,2106,99,49
95,4004,10,7
96,1200,91,60
97,6001,78,59
98,1606,66,24
99,3002,24,5
100,3005,53,77
101,4002,26,25
102,1602,41,48
103,1606,76,22
104,1600,37,17
105,3006,98,36
106,1606,31,4
107,4004,87,58
108,1604,14,57
109,1606,60,6
110,4008,71,56
111,1609,40,75
112,3006,65,39
113,1601,96,45
114,1604,73,15
115,3002,49,59
116,1606,48,1
117,1608,18,19
118,4007,29,16
119,1600,68,58
120,1606,79,23
121,3003,58,42
122,3003,63,59
123,6002,68,51
124,1602,1,18
125,3007,57,53
126,1608,9,24
127,3001,100,68
128,3008,18,12
129,3004,69,48
130,3008,75,71
131,6001,74,50
132,1609,22,5
133,4002,93,27
134,1608,59,60
135,1605,100,32
136,2201,79,4
137,3006,49,70
138,1608,76,36
139,4001,31,4
140,4001,72,16
141,1608,60,10
142,4009,45,72
143,3004,41,2
144,1603,42,38
145,2106,19,37
146,2207,90,35
147,1605,96,67
148,1409,7,71
149,1606,19,53
150,3000,79,52
151,4008,29,14
152,4007,43,23
153,1600,10,20
154,4004,99,28
155,2100,100,65
156,4004,68,67
157,2109,34,6
158,2209,30,27
159,6000,88,1
160,3009,9,44
161,3003,50,38
162,4001,43,26
163,4006,22,77
164,2206,64,1
165,4008,88,12
166,3004,3,65
167,4001,66,62
168,4000,54,64
169,4003,29,1
170,4006,91,57
171,4000,49,61
172,2204,15,60
173,4007,20,59
174,4009,44,22
175,1804,28,7
176,4008,52,4
177,4000,82,43
178,2102,30,40
179,2108,68,9
180,2207,8,43
181,2203,24,30
182,3002,82,29
183,3005,19,47
184,4005,52,2
185,2105,29,14
186,2204,47,70
187,2107,62,54
188,2107,62,56
189,5001,2,3
190,4002,34,59
191,2207,63,32
192,4006,14,1
193,2200,14,59
194,2105,20,1
195,2103,60,23
196,4001,46,31
197,2109,41,51
198,2206,54,67
199,1700,97,60
200,2206,2,62
201,4006,28,80
202,4008,40,43
203,2207,71,78
204,1708,76,51
205,4003,1,16
206,5000,33,35
207,2105,53,8
208,2205,90,12
209,4006,16,18
210,4004,59,80
211,4001,84,26
212,2106,59,21
213,7000,8,47
214,4008,16,59
215,4008,16,75
216,4003,21,71
217,2101,34,53
218,2203,59,58
219,2107,84,26
220,4005,7,47
221,1600,94,19
222,1600,94,52
223,4005,68,75
224,2201,48,40
225,5000,81,33
226,2204,14,57
227,2205,48,26
228,5001,58,48
229,4005,6,61
230,5001,35,80
231,2201,94,58
232,2103,55,29
233,5001,14,74
234,2201,67,15
235,1700,100,59
236,2208,42,32
237,2202,54,41
238,5001,70,44
239,5000,93,8
240,4001,85,47
241,2107,98,76
242,5000,52,43
243,2206,76,66
244,2107,82,37
245,2207,4,3
246,2209,37,6
247,2209,37,76
248,2103,64,21
249,2400,86,9
250,2400,63,20
251,2402,40,38
252,2402,93,17
253,2109,37,56
254,2107,47,19
255,2202,38,1
256,1602,99,45
257,2408,53,21
258,2400,88,25
259,2406,45,31
260,2408,51,25
261,2401,32,7
262,5001,40,50
263,2409,39,42
264,2409,20,6
265,5000,30,7
266,2106,40,3
267,2204,70,77
268,5000,63,57
269,4005,40,79
270,2201,62,52
271,1601,61,65
272,1602,18,1
273,2407,27,19
274,2201,69,49
275,2403,65,18
276,2203,41,12
277,2108,34,58
278,7000,11,73
279,2204,7,47
280,2406,69,37
281,2405,56,5
282,2408,32,32
283,2100,20,22
284,2100,5,69
285,2100,32,68
286,2203,46,77
287,1600,19,73
288,2406,35,28
289,2402,53,13
290,2400,94,37
291,1600,81,55
292,2405,57,24
293,1600,95,6
294,2209,39,50
295,1600,43,1
296,2401,43,9
297,2401,28,30
298,2202,30,29
299,5001,25,36
300,2206,59,1
301,2100,1,30
302,1606,50,2
303,1600,17,3
304,2207,40,52
305,1603,59,63
306,1600,90,42
307,2404,85,28
308,2203,90,17
309,2203,90,28
310,2207,19,26
311,5002,1,59
312,1601,9,23
313,1601,94,27
314,2402,73,4
315,5000,2,74
316,1804,85,56
317,5000,32,4
318,2102,70,51
319,2201,31,70
320,1602,70,33
321,1602,52,35
322,2406,28,24
323,2201,90,21
324,2200,80,7
325,2206,94,47
326,1607,83,25
327,1603,43,41
328,1601,89,40
329,2203,54,16
330,2203,70,13
331,2202,46,2
332,1601,21,16
333,2101,47,29
334,2403,28,6
335,2406,80,22
336,2409,36,9
337,2103,22,48
338,2109,35,73
339,2209,43,28
340,7000,21,67
341,2406,70,34
342,2108,33,70
343,1604,27,55
344,1602,56,34
345,1603,19,12
346,1602,12,30
347,2203,13,32
348,1602,27,80
349,2405,26,2
350,2102,83,41
351,2107,43,26
352,2106,55,78
353,2108,91,10
354,1600,77,21
355,2204,30,64
356,2103,29,24
357,3002,79,46
358,1602,85,30
359,2406,60,37
360,1602,42,80
361,1603,75,52
362,1603,25,28
363,1408,61,21
364,2400,5,36
365,2403,32,39
366,1407,26,11
367,2405,66,10
368,2405,66,34
369,2108,95,12
370,1601,85,78
371,1606,70,49
372,1601,97,72
373,2401,99,2
374,2403,56,16
375,2402,69,17
376,7000,86,37
377,7000,86,55
378,2209,31,43
379,2407,11,28
380,7000,20,41
381,2400,45,32
382,1200,20,6
383,2204,68,63
384,2208,77,54
385,2202,93,42
386,1709,22,49
387,1403,48,2
388,3004,2,11
389,2400,24,29
390,3007,21,7
391,3008,28,6
392,1404,23,73
393,3002,48,10
394,1202,56,68
395,2103,98,25
396,2402,44,37
397,2109,11,23
398,2109,11,56
399,2209,23,72
400,2402,56,4
401,2402,6,37
402,1404,33,38
403,1202,73,66
404,3008,96,23
405,3000,24,73
406,2405,81,32
407,2404,37,44
408,1602,50,8
409,1602,51,47
410,2408,7,31
411,3001,61,24
412,1407,40,45
413,1407,90,10
414,1409,42,4
415,3001,10,12
416,1204,45,58
417,1408,2,79
418,3003,9,47
419,1200,57,43
420,1200,57,77
421,1408,28,63
422,3005,62,2
423,6001,34,32
424,3004,70,33
425,1601,68,24
426,3006,75,7
427,1407,70,67
428,6000,15,52
429,3003,81,7
430,3002,17,28
431,1409,43,38
432,6001,42,69
433,1404,94,5
434,1400,14,38
435,6000,5,54
436,3005,98,20
437,3005,98,52
438,3003,85,73
439,1408,10,17
440,1604,7,47
441,3008,84,73
442,3005,28,77
443,6001,97,68
444,2407,97,35
445,1405,91,43
446,3003,25,8
447,1201,26,1
448,1201,26,44
449,3002,28,40
450,1603,23,6
451,3000,50,62
452,3005,78,26
453,6001,18,39
454,1407,93,24
455,3001,82,45
456,3000,7,69
457,3007,4,79
458,3009,31,15
459,1200,11,60
460,6000,77,9
461,3009,1,51
